{
  "release": "experimental",
  "model": "Qwen/Qwen2.5-0.5B-Instruct",
  "seed": 42,
  "mode": "kv-diff",
  "status": "executed",
  "results": [
    {
      "config": "k8_v5_gs64",
      "prompt_tokens": 128,
      "kv_len_before": 128,
      "kv_len_after": 129,
      "old_cache_k_cosine_after_append": 0.9999827742576599,
      "old_cache_v_cosine_after_append": 0.9987726906935374,
      "new_token_k_cosine": 0.999431736767292,
      "new_token_v_cosine": 0.9933870832125345,
      "full_cache_k_cosine_after_append": 0.9999775240818659,
      "full_cache_v_cosine_after_append": 0.9987295617659887,
      "old_cache_k_max_abs_error": 0.15109761555989584,
      "old_cache_v_max_abs_error": 0.2226282755533854,
      "new_token_k_max_abs_error": 0.3617095947265625,
      "new_token_v_max_abs_error": 0.2150564193725586,
      "kv_order_preserved": true,
      "cache_len_correct": true,
      "position_id_correct": true,
      "status": "pass"
    },
    {
      "config": "k8_v5_gs64",
      "prompt_tokens": 512,
      "kv_len_before": 512,
      "kv_len_after": 513,
      "old_cache_k_cosine_after_append": 0.9999827866752943,
      "old_cache_v_cosine_after_append": 0.9987869908412298,
      "new_token_k_cosine": 0.9998684301972389,
      "new_token_v_cosine": 0.9987440134088198,
      "full_cache_k_cosine_after_append": 0.9999825631578764,
      "full_cache_v_cosine_after_append": 0.9987869163354238,
      "old_cache_k_max_abs_error": 0.16523234049479166,
      "old_cache_v_max_abs_error": 0.23465792338053384,
      "new_token_k_max_abs_error": 0.1603724161783854,
      "new_token_v_max_abs_error": 0.10872268676757812,
      "kv_order_preserved": true,
      "cache_len_correct": true,
      "position_id_correct": true,
      "status": "pass"
    },
    {
      "config": "k8_v5_gs32",
      "prompt_tokens": 128,
      "kv_len_before": 128,
      "kv_len_after": 129,
      "old_cache_k_cosine_after_append": 0.9999859208861986,
      "old_cache_v_cosine_after_append": 0.9989993050694466,
      "new_token_k_cosine": 0.9998391469319662,
      "new_token_v_cosine": 0.9985562339425087,
      "full_cache_k_cosine_after_append": 0.999984472990036,
      "full_cache_v_cosine_after_append": 0.9989949588974317,
      "old_cache_k_max_abs_error": 0.12486521402994792,
      "old_cache_v_max_abs_error": 0.20061882336934408,
      "new_token_k_max_abs_error": 0.1822967529296875,
      "new_token_v_max_abs_error": 0.09240341186523438,
      "kv_order_preserved": true,
      "cache_len_correct": true,
      "position_id_correct": true,
      "status": "pass"
    },
    {
      "config": "k8_v5_gs32",
      "prompt_tokens": 512,
      "kv_len_before": 512,
      "kv_len_after": 513,
      "old_cache_k_cosine_after_append": 0.9999862313270569,
      "old_cache_v_cosine_after_append": 0.9990105579296747,
      "new_token_k_cosine": 0.9996753508845965,
      "new_token_v_cosine": 0.9963469902674357,
      "full_cache_k_cosine_after_append": 0.9999855558077494,
      "full_cache_v_cosine_after_append": 0.9990051736434301,
      "old_cache_k_max_abs_error": 0.13610076904296875,
      "old_cache_v_max_abs_error": 0.1963526407877604,
      "new_token_k_max_abs_error": 0.244520902633667,
      "new_token_v_max_abs_error": 0.17216094334920248,
      "kv_order_preserved": true,
      "cache_len_correct": true,
      "position_id_correct": true,
      "status": "pass"
    },
    {
      "config": "turbo_polar",
      "prompt_tokens": 128,
      "kv_len_before": 128,
      "kv_len_after": 129,
      "old_cache_k_cosine_after_append": 0.9982852811614672,
      "old_cache_v_cosine_after_append": 0.9997137834628423,
      "new_token_k_cosine": 0.9576305349667867,
      "new_token_v_cosine": 0.7095747888088226,
      "full_cache_k_cosine_after_append": 0.997914619743824,
      "full_cache_v_cosine_after_append": 0.9974158629775047,
      "old_cache_k_max_abs_error": 1.6549173990885417,
      "old_cache_v_max_abs_error": 0.10651780168215434,
      "new_token_k_max_abs_error": 2.5197296142578125,
      "new_token_v_max_abs_error": 1.7373418807983398,
      "kv_order_preserved": true,
      "cache_len_correct": true,
      "position_id_correct": true,
      "status": "pass"
    },
    {
      "config": "turbo_polar",
      "prompt_tokens": 512,
      "kv_len_before": 512,
      "kv_len_after": 513,
      "old_cache_k_cosine_after_append": 0.9982857207457224,
      "old_cache_v_cosine_after_append": 0.9997144589821497,
      "new_token_k_cosine": 0.9922853608926138,
      "new_token_v_cosine": 0.9188739756743113,
      "full_cache_k_cosine_after_append": 0.9982719620068868,
      "full_cache_v_cosine_after_append": 0.999556690454483,
      "old_cache_k_max_abs_error": 1.8061777750651042,
      "old_cache_v_max_abs_error": 0.11278773347536723,
      "new_token_k_max_abs_error": 1.1841583251953125,
      "new_token_v_max_abs_error": 0.8804521560668945,
      "kv_order_preserved": true,
      "cache_len_correct": true,
      "position_id_correct": true,
      "status": "pass"
    },
    {
      "config": "adaptive",
      "prompt_tokens": 128,
      "kv_len_before": 128,
      "kv_len_after": 129,
      "old_cache_k_cosine_after_append": 0.9982863962650299,
      "old_cache_v_cosine_after_append": 0.9997137834628423,
      "new_token_k_cosine": 0.9644847512245178,
      "new_token_v_cosine": 0.7441631630063057,
      "full_cache_k_cosine_after_append": 0.9979750240842501,
      "full_cache_v_cosine_after_append": 0.9977475752433141,
      "old_cache_k_max_abs_error": 1.6566874186197917,
      "old_cache_v_max_abs_error": 0.10651780168215434,
      "new_token_k_max_abs_error": 2.335545857747396,
      "new_token_v_max_abs_error": 1.6475181579589844,
      "kv_order_preserved": true,
      "cache_len_correct": true,
      "position_id_correct": true,
      "status": "pass"
    },
    {
      "config": "adaptive",
      "prompt_tokens": 512,
      "kv_len_before": 512,
      "kv_len_after": 513,
      "old_cache_k_cosine_after_append": 0.998286115626494,
      "old_cache_v_cosine_after_append": 0.9997144589821497,
      "new_token_k_cosine": 0.9325745751460394,
      "new_token_v_cosine": 0.5986558894316355,
      "full_cache_k_cosine_after_append": 0.9981417953968048,
      "full_cache_v_cosine_after_append": 0.9988750716050466,
      "old_cache_k_max_abs_error": 1.8124135335286458,
      "old_cache_v_max_abs_error": 0.11278773347536723,
      "new_token_k_max_abs_error": 3.4502360026041665,
      "new_token_v_max_abs_error": 2.1054178873697915,
      "kv_order_preserved": true,
      "cache_len_correct": true,
      "position_id_correct": true,
      "status": "pass"
    },
    {
      "config": "experimental_hybrid",
      "prompt_tokens": 128,
      "kv_len_before": 128,
      "kv_len_after": 129,
      "old_cache_k_cosine_after_append": 0.9959719181060791,
      "old_cache_v_cosine_after_append": 0.9786741659045219,
      "new_token_k_cosine": 0.9790126557151476,
      "new_token_v_cosine": 0.8539311463634173,
      "full_cache_k_cosine_after_append": 0.9958048636714617,
      "full_cache_v_cosine_after_append": 0.9777423664927483,
      "old_cache_k_max_abs_error": 2.788050333658854,
      "old_cache_v_max_abs_error": 0.9913249015808105,
      "new_token_k_max_abs_error": 1.8518320719401042,
      "new_token_v_max_abs_error": 1.3243853251139324,
      "kv_order_preserved": true,
      "cache_len_correct": true,
      "position_id_correct": true,
      "status": "degraded"
    },
    {
      "config": "experimental_hybrid",
      "prompt_tokens": 512,
      "kv_len_before": 512,
      "kv_len_after": 513,
      "old_cache_k_cosine_after_append": 0.9960402995347977,
      "old_cache_v_cosine_after_append": 0.978531909485658,
      "new_token_k_cosine": 0.9443218037486076,
      "new_token_v_cosine": 0.7189765957494577,
      "full_cache_k_cosine_after_append": 0.9959246888756752,
      "full_cache_v_cosine_after_append": 0.9780445123712221,