{
  "release": "experimental",
  "model": "Qwen/Qwen2.5-0.5B-Instruct",
  "contexts": [
    {
      "tokens": 512,
      "configs": [
        {
          "name": "experimental_hybrid",
          "mode": "turbo_polar",
          "avg_nll_delta": 0.00011120689282506646,
          "latency_ms": 6470.183999997971,
          "route_used": "experimental",
          "logit_cosine_mean": 0.9996539615094662,
          "logit_cosine_min": 0.9980775117874146,
          "logit_max_abs_diff": 0.4452525023370981,
          "top1_match_rate": 1.0,
          "top5_overlap_mean": 0.98125,
          "kl_divergence_mean": 1.4833198110686396e-05,
          "token_positions_evaluated": 64,
          "fp16_kv_bytes": 5492736,
          "estimated_compressed_bytes": 2417760,
          "actual_packed_code_bytes": 2417760,
          "scale_metadata_bytes": 0,
          "shape_metadata_bytes": 0,
          "qjl_overhead_bytes": 0,
          "total_compressed_bytes": 2417760,
          "estimated_compression_ratio": 2.27182846932698,
          "actual_compression_ratio": 2.27182846932698,
          "status": "pass",
          "oom": false
        },
        {
          "name": "turbo_polar",
          "mode": "turbo_polar",
          "avg_nll_delta": 0.00011120689282506646,
          "latency_ms": 4552.173999996739,
          "route_used": "experimental",
          "logit_cosine_mean": 0.9996539615094662,
          "logit_cosine_min": 0.9980775117874146,
          "logit_max_abs_diff": 0.4452525023370981,
          "top1_match_rate": 1.0,
          "top5_overlap_mean": 0.98125,
          "kl_divergence_mean": 1.4833198110686396e-05,
          "token_positions_evaluated": 64,
          "fp16_kv_bytes": 5492736,
          "estimated_compressed_bytes": 2417760,
          "actual_packed_code_bytes": 2417760,
          "scale_metadata_bytes": 0,
          "shape_metadata_bytes": 0,
          "qjl_overhead_bytes": 0,
          "total_compressed_bytes": 2417760,
          "estimated_compression_ratio": 2.27182846932698,
          "actual_compression_ratio": 2.27182846932698,
          "status": "pass",
          "oom": false
        },
        {
          "name": "adaptive",
          "mode": "turbo_polar",
          "avg_nll_delta": 5.814820792693354e-05,
          "latency_ms": 3835.2712920022896,
          "route_used": "experimental",
          "logit_cosine_mean": 0.9996994137763977,
          "logit_cosine_min": 0.9984918832778931,
          "logit_max_abs_diff": 0.4260518550872803,
          "top1_match_rate": 1.0,
          "top5_overlap_mean": 0.984375,
          "kl_divergence_mean": 9.815262082213394e-06,
          "token_positions_evaluated": 64,
          "fp16_kv_bytes": 5492736,
          "estimated_compressed_bytes": 2417760,
          "actual_packed_code_bytes": 2417760,
          "scale_metadata_bytes": 0,
          "shape_metadata_bytes": 0,
          "qjl_overhead_bytes": 0,
          "total_compressed_bytes": 2417760,
          "estimated_compression_ratio": 2.27182846932698,
          "actual_compression_ratio": 2.27182846932698,
          "status": "pass",
          "oom": false
        },
        {
          "name": "turbo_k8r8v6",
          "mode": "turbo_polar",
          "avg_nll_delta": 6.877683074435481e-05,
          "latency_ms": 5059.645665998687,
          "route_used": "experimental",
          "logit_cosine_mean": 0.9998267982155085,
          "logit_cosine_min": 0.9989960193634033,
          "logit_max_abs_diff": 0.31555486377328634,
          "top1_match_rate": 1.0,
          "top5_overlap_mean": 0.99375,
          "kl_divergence_mean": 8.032621822362529e-06,
          "token_positions_evaluated": 64,
          "fp16_kv_bytes": 5492736,
          "estimated_compressed_bytes": 2600928,
          "actual_packed_code_bytes": 2600928,
          "scale_metadata_bytes": 0,
          "shape_metadata_bytes": 0,
          "qjl_overhead_bytes": 0,
          "total_compressed_bytes": 2600928,
          "estimated_compression_ratio": 2.1118370058686744,
          "actual_compression_ratio": 2.1118370058686744,
          "status": "pass",
          "oom": false
        }
      ]
    },
    {
      "tokens": 1024,
      "configs": [
        {
          "name": "experimental_hybrid",
          "mode": "turbo_polar",
          "avg_nll_delta": -6.615255642827833e-06,
          "latency_ms": 7430.282332999923,
          "route_used": "experimental",
          "logit_cosine_mean": 0.9998230757191777,
          "logit_cosine_min": 0.9993085265159607,
          "logit_max_abs_diff": 0.34547028597444296,
          "top1_match_rate": 1.0,
          "top5_overlap_mean": 0.9875,
          "kl_divergence_mean": 1.3310067670246895e-06,
          "token_positions_evaluated": 64,
          "fp16_kv_bytes": 11784192,
          "estimated_compressed_bytes": 5186688,
          "actual_packed_code_bytes": 5186688,
          "scale_metadata_bytes": 0,
          "shape_metadata_bytes": 0,
          "qjl_overhead_bytes": 0,
          "total_compressed_bytes": 5186688,
          "estimated_compression_ratio": 2.2720071074257793,
          "actual_compression_ratio": 2.2720071074257793,
          "status": "pass",
          "oom": false
        },
        {
          "name": "turbo_polar",
          "mode": "turbo_polar",
          "avg_nll_delta": -6.615255642827833e-06,
          "latency_ms": 3537.2773750059423,
          "route_used": "experimental",
          "logit_cosine_mean": 0.9998230757191777,
          "logit_cosine_min": 0.9993085265159607,
          "logit_max_abs_diff": 0.34547028597444296,
          "top1_match_rate": 1.0,
          "top5_overlap_mean": 0.9875,
          "kl_divergence_mean": 1.3310067670246895e-06,
          "token_positions_evaluated": 64,
          "fp16_kv_bytes": 11784192,
          "estimated_compressed_bytes": 5186688,
          "actual_packed_code_bytes": 5186688,
          "scale_metadata_bytes": 0,
          "shape_metadata_bytes": 0,
          "qjl_overhead_bytes": 0,
          "total_compressed_bytes": 5186688,
          "estimated_compression_ratio": 2.2720071074257793,
          "actual_compression_ratio": 2.2720071074257793,
          "status": "pass",
          "oom": false
        },
        {
          "name": "adaptive",
          "mode": "turbo_polar",
          "avg_nll_delta": -6.979694717301754e-06,
          "latency_ms": 4422.953540997696,
          "route_used": "experimental",
          "logit_cosine_mean": 0.9998170677572489,
          "logit_cosine_min": 0.9993149042129517,
          "logit_max_abs_diff": 0.3527021501213312,
          "top1_match_rate": 1.0,
          "top5_overlap_mean": 0.9875,
          "kl_divergence_mean": 1.3675961096915046e-06,
          "token_positions_evaluated": 64,
          "fp16_kv_bytes": 11784192,
          "estimated_compressed_bytes": 5186688,
          "actual_packed_code_bytes": 5186688,
          "scale_metadata_bytes": 0,
          "shape_metadata_bytes": 0,
          "qjl_overhead_bytes": 0,
          "total_compressed_bytes": 5186688,
          "estimated_compression_ratio": 2.2720071074257793,
          "actual_compression_ratio": 2.2720071074257793,
          "status": "pass",
          "oom": false
        },
        {
          "name": "turbo_k8r8v6",
          "mode": "turbo_polar",
          "avg_nll_delta": -1.3374125956033822e-05,
          "latency_ms": 4234.716958002537,
          "route_used": "experimental",
          "logit_cosine_mean": 0.9998973673209548,
          "logit_cosine_min": 0.9995216727256775,
          "logit_max_abs_diff": 0.2623657463118434,
          "top1_match_rate": 1.0,
          "top5_overlap_mean": 0.99375,
          "kl_divergence_mean": 9.095889956789449e-07,
          "token_positions_evaluated": 64,
          "fp16_kv_bytes": 11784192,
          "estimated_compressed_bytes": 5579520,
          "actual_packed_code_bytes": 5579520,
          "scale_metadata_bytes": 0,
          "shape_metadata_bytes": 0,
          "qjl_overhead_bytes": 0,