{
  "release": "experimental",
  "model": "Qwen/Qwen2.5-0.5B-Instruct",
  "seed": 42,
  "results": [
    {
      "model_name": "Qwen/Qwen2.5-0.5B-Instruct",
      "config": "baseline_fp16",
      "prompt_tokens": 128,
      "new_tokens": 128,
      "prefill_ms": 15.862624990404584,
      "kv_quantize_ms": 0.0,
      "kv_pack_ms": 0.0,
      "kv_unpack_ms": 0.1195540498883929,
      "kv_dequantize_ms": 0.15371234985650517,
      "decode_loop_ms": 2748.1500419962686,
      "total_end_to_end_ms": 2764.3542499863543,
      "tokens_per_second": 46.303761538750635,
      "peak_memory_bytes": 568999936,
      "compressed_kv_bytes": 0,
      "compression_ratio": 3145728.0,
      "logit_cosine_vs_fp16": 1.0000000018626451,
      "top5_overlap_vs_fp16": 1.0,
      "kl_vs_fp16": 0.0,
      "fallback_count": 0
    },
    {
      "model_name": "Qwen/Qwen2.5-0.5B-Instruct",
      "config": "baseline_fp16",
      "prompt_tokens": 512,
      "new_tokens": 128,
      "prefill_ms": 15.09829200222157,
      "kv_quantize_ms": 0.0,
      "kv_pack_ms": 0.0,
      "kv_unpack_ms": 0.1205750013468787,
      "kv_dequantize_ms": 0.1550250017317012,
      "decode_loop_ms": 3001.2863330048276,
      "total_end_to_end_ms": 3016.7291250108974,
      "tokens_per_second": 42.430060736572635,
      "peak_memory_bytes": 568999936,
      "compressed_kv_bytes": 0,
      "compression_ratio": 7864320.0,
      "logit_cosine_vs_fp16": 0.999999993480742,
      "top5_overlap_vs_fp16": 1.0,
      "kl_vs_fp16": 0.0,
      "fallback_count": 0
    },
    {
      "model_name": "Qwen/Qwen2.5-0.5B-Instruct",
      "config": "baseline_fp16",
      "prompt_tokens": 1024,
      "new_tokens": 128,
      "prefill_ms": 236.72045800776687,
      "kv_quantize_ms": 0.0,
      "kv_pack_ms": 0.0,
      "kv_unpack_ms": 4.477608098386554,
      "kv_dequantize_ms": 5.7569246979255695,
      "decode_loop_ms": 15331.697374989744,
      "total_end_to_end_ms": 15581.210998992901,
      "tokens_per_second": 8.215022568417394,
      "peak_memory_bytes": 1926807552,
      "compressed_kv_bytes": 0,
      "compression_ratio": 14155776.0,
      "logit_cosine_vs_fp16": 0.9999924539588392,
      "top5_overlap_vs_fp16": 1.0,
      "kl_vs_fp16": 0.0,
      "fallback_count": 0
    },
    {
      "model_name": "Qwen/Qwen2.5-0.5B-Instruct",
      "config": "k8_v5_gs64",
      "prompt_tokens": 128,
      "new_tokens": 128,
      "prefill_ms": 18.917624998721294,
      "kv_quantize_ms": 210.58433320140466,
      "kv_pack_ms": 315.876499802107,
      "kv_unpack_ms": 184.58040404657368,
      "kv_dequantize_ms": 237.31766234559473,
      "decode_loop_ms": 2592.7107500028796,
      "total_end_to_end_ms": 3139.0009579918114,
      "tokens_per_second": 40.777305172244525,
      "peak_memory_bytes": 1926807552,
      "compressed_kv_bytes": 704640,
      "compression_ratio": 4.464305177111717,
      "logit_cosine_vs_fp16": 0.7938176756724715,
      "top5_overlap_vs_fp16": 0.309375,
      "kl_vs_fp16": 9.837869175305599,
      "fallback_count": 0
    },
    {
      "model_name": "Qwen/Qwen2.5-0.5B-Instruct",
      "config": "k8_v5_gs64",
      "prompt_tokens": 512,
      "new_tokens": 128,
      "prefill_ms": 14.191624999511987,
      "kv_quantize_ms": 332.08443320472725,
      "kv_pack_ms": 498.12664980709087,
      "kv_unpack_ms": 290.7542165470659,
      "kv_dequantize_ms": 373.82684984622756,
      "decode_loop_ms": 3123.943083002814,
      "total_end_to_end_ms": 3968.861040993943,
      "tokens_per_second": 32.25106615673908,
      "peak_memory_bytes": 1926807552,
      "compressed_kv_bytes": 2818560,
      "compression_ratio": 2.790190735694823,
      "logit_cosine_vs_fp16": 0.9998277653940022,
      "top5_overlap_vs_fp16": 0.9796875,
      "kl_vs_fp16": 3.38695745303319e-05,
      "fallback_count": 0
    },
    {
      "model_name": "Qwen/Qwen2.5-0.5B-Instruct",
      "config": "k8_v5_gs64",
      "prompt_tokens": 1024,
      "new_tokens": 128,
      "prefill_ms": 541.826457993011,
      "kv_quantize_ms": 427.5340664025862,
      "kv_pack_ms": 641.3010996038793,
      "kv_unpack_ms": 381.00803124616505,
      "kv_dequantize_ms": 489.86746874506935,
      "decode_loop_ms": 10564.09449999046,
      "total_end_to_end_ms": 12194.515332972514,
      "tokens_per_second": 10.4965221253118,
      "peak_memory_bytes": 1926807552,
      "compressed_kv_bytes": 5637120,
      "compression_ratio": 2.511171662125341,
      "logit_cosine_vs_fp16": 0.9998943535611033,
      "top5_overlap_vs_fp16": 0.98125,
      "kl_vs_fp16": 1.3716356661960805e-05,
      "fallback_count": 0
    },
    {
      "model_name": "Qwen/Qwen2.5-0.5B-Instruct",
      "config": "k8_v5_gs32",
      "prompt_tokens": 128,
      "new_tokens": 128,
      "prefill_ms": 15.63979200727772,
      "kv_quantize_ms": 298.48561639664695,
      "kv_pack_ms": 447.7284245949704,
      "kv_unpack_ms": 261.45077280307305,
      "kv_dequantize_ms": 336.15099360395106,
      "decode_loop_ms": 2774.9368749937275,
      "total_end_to_end_ms": 3537.5788750097854,
      "tokens_per_second": 36.18293881847254,
      "peak_memory_bytes": 1926807552,
      "compressed_kv_bytes": 753792,
      "compression_ratio": 4.173204279164544,
      "logit_cosine_vs_fp16": 0.7942513464950025,
      "top5_overlap_vs_fp16": 0.31093750000000003,
      "kl_vs_fp16": 9.821529659931699,
      "fallback_count": 0
    },
    {
      "model_name": "Qwen/Qwen2.5-0.5B-Instruct",
      "config": "k8_v5_gs32",
      "prompt_tokens": 512,
      "new_tokens": 128,
      "prefill_ms": 14.289333004853688,
      "kv_quantize_ms": 295.4532336036209,
      "kv_pack_ms": 443.17985040543135,
      "kv_unpack_ms": 258.7019750040781,
      "kv_dequantize_ms": 332.6168250052433,
      "decode_loop_ms": 3135.4823330038926,
      "total_end_to_end_ms": 3888.920166020398,
      "tokens_per_second": 32.9140209969866,
      "peak_memory_bytes": 1926807552,
      "compressed_kv_bytes": 3015168,
      "compression_ratio": 2.60825267447784,
      "logit_cosine_vs_fp16": 0.9998471532016993,
      "top5_overlap_vs_fp16": 0.984375,
      "kl_vs_fp16": 3.1064434154348675e-05,
      "fallback_count": 0
    },
    {
      "model_name": "Qwen/Qwen2.5-0.5B-Instruct",
      "config": "k8_v5_gs32",
      "prompt_tokens": 1024,
      "new_tokens": 128,
      "prefill_ms": 88.66975001001265,
      "kv_quantize_ms": 397.21383319702,
      "kv_pack_ms": 595.82074979553,
      "kv_unpack_ms": 354.2274750012439,
      "kv_dequantize_ms": 455.43532500159927,
      "decode_loop_ms": 13940.965292000328,
      "total_end_to_end_ms": 15041.713542013895,
      "tokens_per_second": 8.509668771611405,
      "peak_memory_bytes": 2152300544,
      "compressed_kv_bytes": 6030336,
      "compression_ratio": 2.347427407030056,
      "logit_cosine_vs_fp16": 0.9998967600986362,
      "top5_overlap_vs_fp16": 0.9796875,
      "kl_vs_fp16": 1.2850200940980883e-05,
      "fallback_count": 0
    },
    {
      "model_name": "Qwen/Qwen2.5-0.5B-Instruct",
      "config": "turbo_polar",
      "prompt_tokens": 128,
      "new_tokens": 128,
      "prefill_ms": 22.11908300523646,
      "kv_quantize_ms": 276.0638667969033,
      "kv_pack_ms": 414.09580019535497,
      "kv_unpack_ms": 241.74937499992663,
      "kv_dequantize_ms": 310.8206249999057,
      "decode_loop_ms": 3027.633749996312,
      "total_end_to_end_ms": 3740.465333001339,
      "tokens_per_second": 34.22034121548539,
      "peak_memory_bytes": 2152300544,
      "compressed_kv_bytes": 679584,
      "compression_ratio": 4.628902387342845,
      "logit_cosine_vs_fp16": 0.7371957818977535,
      "top5_overlap_vs_fp16": 0.1640625,
      "kl_vs_fp16": 7.170052447108901,
      "fallback_count": 0
    },
    {
      "model_name": "Qwen/Qwen2.5-0.5B-Instruct",
      "config": "turbo_polar",
      "prompt_tokens": 512,
      "new_tokens": 128,
      "prefill_ms": 24.207542010117322,
      "kv_quantize_ms": 355.8766336005647,
      "kv_pack_ms": 533.814950400847,
      "kv_unpack_ms": 311.56580000169924,