{
  "release": "main27",
  "analysis": "generation_throughput",
  "model": "Qwen/Qwen2.5-0.5B-Instruct",
  "hardware": {
    "platform": "macOS-26.2-arm64-arm-64bit",
    "python": "3.12.0",
    "torch": "2.10.0",
    "device": "mps",
    "memory_bytes": 17179869184
  },
  "context_tokens": 512,
  "decode_steps": 64,
  "warmup_repeats": 2,
  "timed_repeats": 5,
  "configs": [
    {
      "name": "baseline_fp16",
      "k_bits": 16,
      "v_bits": 16,
      "group_size": 64,
      "repeats": 5,
      "prefill_ms_mean": 12.472241399882478,
      "compress_ms_mean": 0.0,
      "decode_ms_mean": 814.9885357994208,
      "total_end_to_end_ms_mean": 827.4607771993033,
      "tokens_per_sec_mean": 77.74155971373266,
      "p50_token_ms_mean": 12.060675000248011,
      "p90_token_ms_mean": 13.305460039628088,
      "p99_token_ms_mean": 30.674647599458712,
      "fp16_kv_bytes": 6279168,
      "compressed_kv_bytes": 6279168,
      "effective_compression_ratio": 1.0,
      "peak_mem_delta_mb": 0.0
    },
    {
      "name": "k8_v4_gs64",
      "k_bits": 8,
      "v_bits": 4,
      "group_size": 64,
      "repeats": 5,
      "prefill_ms_mean": 12.657424599819933,
      "compress_ms_mean": 835.4310409995378,
      "decode_ms_mean": 759.1917752015434,
      "total_end_to_end_ms_mean": 1607.280240800901,
      "tokens_per_sec_mean": 82.99053299555918,
      "p50_token_ms_mean": 11.989300200002617,
      "p90_token_ms_mean": 12.928250040058629,
      "p99_token_ms_mean": 13.956069667932756,
      "fp16_kv_bytes": 6279168,
      "compressed_kv_bytes": 2452800,
      "effective_compression_ratio": 2.56,
      "peak_mem_delta_mb": 0.0
    },
    {
      "name": "k8_v5_gs64",
      "k_bits": 8,
      "v_bits": 5,
      "group_size": 64,
      "repeats": 5,
      "prefill_ms_mean": 12.713899999653222,
      "compress_ms_mean": 721.9100000002072,
      "decode_ms_mean": 761.7822170035652,
      "total_end_to_end_ms_mean": 1496.4061170034256,
      "tokens_per_sec_mean": 82.70514015901308,
      "p50_token_ms_mean": 12.017658400145592,
      "p90_token_ms_mean": 12.969325039812247,
      "p99_token_ms_mean": 13.733593031989585,
      "fp16_kv_bytes": 6279168,
      "compressed_kv_bytes": 2649024,
      "effective_compression_ratio": 2.3703703703703702,
      "peak_mem_delta_mb": 0.0
    },
    {
      "name": "k8_v4_gs32",
      "k_bits": 8,
      "v_bits": 4,
      "group_size": 32,
      "repeats": 5,
      "prefill_ms_mean": 12.703191399850766,
      "compress_ms_mean": 804.4138749992271,
      "decode_ms_mean": 762.8534592004144,
      "total_end_to_end_ms_mean": 1579.9705255994922,
      "tokens_per_sec_mean": 82.58730448457725,
      "p50_token_ms_mean": 12.043091600207845,
      "p90_token_ms_mean": 12.92734507995192,
      "p99_token_ms_mean": 14.108055984157549,
      "fp16_kv_bytes": 6279168,
      "compressed_kv_bytes": 2550912,
      "effective_compression_ratio": 2.4615384615384617,
      "peak_mem_delta_mb": 0.0
    },
    {
      "name": "k8_v5_gs32",
      "k_bits": 8,
      "v_bits": 5,
      "group_size": 32,
      "repeats": 5,
      "prefill_ms_mean": 14.604466799937654,
      "compress_ms_mean": 810.2020829992398,
      "decode_ms_mean": 758.1628573978378,
      "total_end_to_end_ms_mean": 1582.9694071970152,
      "tokens_per_sec_mean": 83.09875681160788,
      "p50_token_ms_mean": 11.96247499974561,
      "p90_token_ms_mean": 12.849993160343729,
      "p99_token_ms_mean": 13.76133498395211,
      "fp16_kv_bytes": 6279168,
      "compressed_kv_bytes": 2747136,
      "effective_compression_ratio": 2.2857142857142856,
      "peak_mem_delta_mb": 0.0
    }
  ],
  "notes": [
    "Throughput measured as decode tokens/sec (excludes TTFT).",
    "Peak memory delta estimated via RSS; MPS unified memory is shared.",
    "Not a production benchmark; indicative only."
  ]
}
