{
  "release": "main27",
  "analysis": "generation_throughput",
  "model": "Qwen/Qwen2.5-0.5B-Instruct",
  "hardware": {
    "platform": "macOS-26.2-arm64-arm-64bit",
    "python": "3.12.0",
    "torch": "2.10.0",
    "device": "mps",
    "memory_bytes": 17179869184
  },
  "context_tokens": 512,
  "decode_steps": 64,
  "warmup_repeats": 2,
  "timed_repeats": 5,
  "configs": [
    {
      "name": "baseline_fp16",
      "k_bits": 16,
      "v_bits": 16,
      "group_size": 64,
      "repeats": 5,
      "prefill_ms_mean": 13.14302520002002,
      "compress_ms_mean": 0.0,
      "decode_ms_mean": 860.356690800063,
      "total_end_to_end_ms_mean": 873.499716000083,
      "tokens_per_sec_mean": 73.64307536031173,
      "p50_token_ms_mean": 13.095166600010089,
      "p90_token_ms_mean": 15.44387323999672,
      "p99_token_ms_mean": 24.429866907996267,
      "fp16_kv_bytes": 6279168,
      "compressed_kv_bytes": 6279168,
      "effective_compression_ratio": 1.0,
      "peak_mem_delta_mb": 0.0
    },
    {
      "name": "k8_v4_gs64",
      "k_bits": 8,
      "v_bits": 4,
      "group_size": 64,
      "repeats": 5,
      "prefill_ms_mean": 13.934275199994772,
      "compress_ms_mean": 984.2768340000703,
      "decode_ms_mean": 857.2163253999179,
      "total_end_to_end_ms_mean": 1855.427434599983,
      "tokens_per_sec_mean": 73.56959871841545,
      "p50_token_ms_mean": 13.310524999997142,
      "p90_token_ms_mean": 15.107046759976583,
      "p99_token_ms_mean": 19.163556424002312,
      "fp16_kv_bytes": 6279168,
      "compressed_kv_bytes": 2452800,
      "effective_compression_ratio": 2.56,
      "peak_mem_delta_mb": 0.0
    },
    {
      "name": "k8_v5_gs64",
      "k_bits": 8,
      "v_bits": 5,
      "group_size": 64,
      "repeats": 5,
      "prefill_ms_mean": 16.362933000004887,
      "compress_ms_mean": 847.0562910000581,
      "decode_ms_mean": 892.1914161999439,
      "total_end_to_end_ms_mean": 1755.6106402000069,
      "tokens_per_sec_mean": 71.41297725058419,
      "p50_token_ms_mean": 13.456816400002936,
      "p90_token_ms_mean": 16.978270039980995,
      "p99_token_ms_mean": 28.054938584008152,
      "fp16_kv_bytes": 6279168,
      "compressed_kv_bytes": 2649024,
      "effective_compression_ratio": 2.3703703703703702,
      "peak_mem_delta_mb": 0.0
    },
    {
      "name": "k8_v4_gs32",
      "k_bits": 8,
      "v_bits": 4,
      "group_size": 32,
      "repeats": 5,
      "prefill_ms_mean": 16.09650000000329,
      "compress_ms_mean": 879.8756250000679,
      "decode_ms_mean": 920.3197433997957,
      "total_end_to_end_ms_mean": 1816.2918683998669,
      "tokens_per_sec_mean": 68.58528839920568,
      "p50_token_ms_mean": 14.113750000024083,
      "p90_token_ms_mean": 16.881865279979138,
      "p99_token_ms_mean": 21.535807099978236,
      "fp16_kv_bytes": 6279168,
      "compressed_kv_bytes": 2550912,
      "effective_compression_ratio": 2.4615384615384617,
      "peak_mem_delta_mb": 0.0
    },
    {
      "name": "k8_v5_gs32",
      "k_bits": 8,
      "v_bits": 5,
      "group_size": 32,
      "repeats": 5,
      "prefill_ms_mean": 14.491041600012977,
      "compress_ms_mean": 972.3605000000362,
      "decode_ms_mean": 861.0329618001742,
      "total_end_to_end_ms_mean": 1847.8845034002234,
      "tokens_per_sec_mean": 73.37245431883011,
      "p50_token_ms_mean": 13.149283400002787,
      "p90_token_ms_mean": 15.814238279972415,
      "p99_token_ms_mean": 21.430274975991786,
      "fp16_kv_bytes": 6279168,
      "compressed_kv_bytes": 2747136,
      "effective_compression_ratio": 2.2857142857142856,
      "peak_mem_delta_mb": 0.0
    }
  ],
  "notes": [
    "Throughput measured as decode tokens/sec (excludes TTFT).",
    "Peak memory delta estimated via RSS; MPS unified memory is shared.",
    "Not a production benchmark; indicative only."
  ]
}
