{
  "release": "main27",
  "model": "Qwen/Qwen2.5-0.5B-Instruct",
  "contexts": [
    {
      "tokens": 512,
      "configs": [
        {
          "name": "k8_v3_gs64",
          "k_bits": 8,
          "v_bits": 3,
          "group_size": 64,
          "avg_nll_delta": -6.449939348840417e-05,
          "latency_ms": 1781.5603340000052,
          "route_used": "retrieve",
          "logit_cosine_mean": 0.998835320584476,
          "logit_cosine_min": 0.9955531358718872,
          "logit_max_abs_diff": 0.8153641074895859,
          "top1_match_rate": 1.0,
          "top5_overlap_mean": 0.99375,
          "kl_divergence_mean": 1.4293500196771447e-05,
          "token_positions_evaluated": 64,
          "status": "pass",
          "oom": false
        },
        {
          "name": "k8_v4_gs64",
          "k_bits": 8,
          "v_bits": 4,
          "group_size": 64,
          "avg_nll_delta": 1.3219946481513034e-05,
          "latency_ms": 1944.070207999971,
          "route_used": "retrieve",
          "logit_cosine_mean": 0.9997828705236316,
          "logit_cosine_min": 0.9992324113845825,
          "logit_max_abs_diff": 0.3678642655722797,
          "top1_match_rate": 1.0,
          "top5_overlap_mean": 1.0,
          "kl_divergence_mean": 2.3243424327468176e-06,
          "token_positions_evaluated": 64,
          "status": "pass",
          "oom": false
        },
        {
          "name": "k8_v5_gs64",
          "k_bits": 8,
          "v_bits": 5,
          "group_size": 64,
          "avg_nll_delta": 4.392276480302826e-05,
          "latency_ms": 1672.5556669999833,
          "route_used": "retrieve",
          "logit_cosine_mean": 0.9999243225902319,
          "logit_cosine_min": 0.9997543096542358,
          "logit_max_abs_diff": 0.2149600088596344,
          "top1_match_rate": 1.0,
          "top5_overlap_mean": 1.0,
          "kl_divergence_mean": 1.3234377960191779e-06,
          "token_positions_evaluated": 64,
          "status": "pass",
          "oom": false
        },
        {
          "name": "k8_v4_gs32",
          "k_bits": 8,
          "v_bits": 4,
          "group_size": 32,
          "avg_nll_delta": 7.32474319420362e-05,
          "latency_ms": 1764.1407500000241,
          "route_used": "retrieve",
          "logit_cosine_mean": 0.9997902335599065,
          "logit_cosine_min": 0.9992021322250366,
          "logit_max_abs_diff": 0.3524925224483013,
          "top1_match_rate": 1.0,
          "top5_overlap_mean": 1.0,
          "kl_divergence_mean": 3.1471755673750934e-06,
          "token_positions_evaluated": 64,
          "status": "pass",
          "oom": false
        },
        {
          "name": "k8_v5_gs32",
          "k_bits": 8,
          "v_bits": 5,
          "group_size": 32,
          "avg_nll_delta": -1.685812128471298e-05,
          "latency_ms": 1828.0202920000193,
          "route_used": "retrieve",
          "logit_cosine_mean": 0.9999377327039838,
          "logit_cosine_min": 0.9997823238372803,
          "logit_max_abs_diff": 0.19874545373022556,
          "top1_match_rate": 1.0,
          "top5_overlap_mean": 0.996875,
          "kl_divergence_mean": 9.639980790843161e-07,
          "token_positions_evaluated": 64,
          "status": "pass",
          "oom": false
        },
        {
          "name": "k6_v6_gs64",
          "k_bits": 6,
          "v_bits": 6,
          "group_size": 64,
          "avg_nll_delta": 0.04608891182942898,
          "latency_ms": 1801.692624999987,
          "route_used": "retrieve",
          "logit_cosine_mean": 0.865559371188283,
          "logit_cosine_min": 0.7228621244430542,
          "logit_max_abs_diff": 8.884813614189625,
          "top1_match_rate": 1.0,
          "top5_overlap_mean": 0.51875,
          "kl_divergence_mean": 0.04275390430348125,
          "token_positions_evaluated": 64,
          "status": "fail",
          "oom": false
        },
        {
          "name": "k4_v4_gs64",
          "k_bits": 4,
          "v_bits": 4,
          "group_size": 64,
          "avg_nll_delta": 2.386156141918036,
          "latency_ms": 1764.1634579999845,
          "route_used": "retrieve",
          "logit_cosine_mean": 0.6752079240977764,
          "logit_cosine_min": 0.42853203415870667,
          "logit_max_abs_diff": 13.693154647946358,
          "top1_match_rate": 0.625,
          "top5_overlap_mean": 0.4375,
          "kl_divergence_mean": 2.379944597472786,
          "token_positions_evaluated": 64,
          "status": "fail",
          "oom": false
        }
      ]
    },
    {
      "tokens": 1024,
      "configs": [
        {
          "name": "k8_v3_gs64",
          "k_bits": 8,
          "v_bits": 3,
          "group_size": 64,
          "avg_nll_delta": 0.0003426394941925537,
          "latency_ms": 2029.0178750000223,
          "route_used": "retrieve",
          "logit_cosine_mean": 0.9977154992520809,
          "logit_cosine_min": 0.9658297896385193,
          "logit_max_abs_diff": 1.036294643767178,
          "top1_match_rate": 1.0,
          "top5_overlap_mean": 0.934375,
          "kl_divergence_mean": 0.00018145924568813143,
          "token_positions_evaluated": 64,
          "status": "fail",
          "oom": false
        },
        {
          "name": "k8_v4_gs64",
          "k_bits": 8,
          "v_bits": 4,
          "group_size": 64,
          "avg_nll_delta": 2.55045300718848e-05,
          "latency_ms": 1978.2551669999293,
          "route_used": "retrieve",
          "logit_cosine_mean": 0.9997687488794327,
          "logit_cosine_min": 0.9990808963775635,
          "logit_max_abs_diff": 0.4136227201670408,
          "top1_match_rate": 1.0,
          "top5_overlap_mean": 0.990625,
          "kl_divergence_mean": 2.0273606251564047e-06,
          "token_positions_evaluated": 64,
          "status": "pass",
          "oom": false
        },
        {
          "name": "k8_v5_gs64",
          "k_bits": 8,
          "v_bits": 5,
          "group_size": 64,
          "avg_nll_delta": 7.784257149978657e-06,
          "latency_ms": 1906.5831669998943,
          "route_used": "retrieve",
          "logit_cosine_mean": 0.9999206848442554,
          "logit_cosine_min": 0.9996374249458313,
          "logit_max_abs_diff": 0.22167804092168808,
          "top1_match_rate": 1.0,
          "top5_overlap_mean": 0.9875,
          "kl_divergence_mean": 6.042156761587592e-07,
          "token_positions_evaluated": 64,
          "status": "pass",
          "oom": false
        },
        {
          "name": "k8_v4_gs32",
          "k_bits": 8,
          "v_bits": 4,
          "group_size": 32,
          "avg_nll_delta": 3.072251377034263e-05,
          "latency_ms": 2256.149459000085,
          "route_used": "retrieve",
          "logit_cosine_mean": 0.9998153960332274,
          "logit_cosine_min": 0.9992414712905884,
          "logit_max_abs_diff": 0.3272628365084529,
          "top1_match_rate": 1.0,
          "top5_overlap_mean": 0.99375,
          "kl_divergence_mean": 2.6143254483468326e-06,
          "token_positions_evaluated": 64,
          "status": "pass",
          "oom": false
        },
        {
          "name": "k8_v5_gs32",
          "k_bits": 8,
          "v_bits": 5,
          "group_size": 32,
          "avg_nll_delta": 3.984986847171967e-06,
          "latency_ms": 2061.055124999939,
          "route_used": "retrieve",
          "logit_cosine_mean": 0.9999472396448255,
          "logit_cosine_min": 0.9998062252998352,
          "logit_max_abs_diff": 0.17477460391819477,
          "top1_match_rate": 1.0,
          "top5_overlap_mean": 0.996875,
          "kl_divergence_mean": 3.871975204350342e-07,
          "token_positions_evaluated": 64,
          "status": "pass",
          "oom": false
        },
        {
          "name": "k6_v6_gs64",
          "k_bits": 6,
          "v_bits": 6,
          "group_size": 64,
          "avg_nll_delta": 0.015234461091495177,
          "latency_ms": 2123.0970419999267,