{
  "release": "main25",
  "analysis": "early_layer_protection",
  "model": "Qwen/Qwen2.5-0.5B-Instruct",
  "tokens_tested": 512,
  "configs": [
    {
      "config_name": "k8_v3_gs64",
      "num_layers": 24,
      "scenarios": [
        {
          "protected_layers": 2,
          "cosine": 0.9982959032058716,
          "top1_match": 1.0,
          "top5_overlap": 1.0,
          "nll_delta": 0.043149566650392046,
          "kl": 5.972442522761412e-06,
          "status": "pass"
        },
        {
          "protected_layers": 4,
          "cosine": 0.9982925653457642,
          "top1_match": 1.0,
          "top5_overlap": 1.0,
          "nll_delta": 0.031783294677733664,
          "kl": 4.8691472329664975e-06,
          "status": "pass"
        },
        {
          "protected_layers": 6,
          "cosine": 0.9983261823654175,
          "top1_match": 1.0,
          "top5_overlap": 1.0,
          "nll_delta": 0.012987518310549007,
          "kl": 4.613070814230014e-06,
          "status": "pass"
        },
        {
          "protected_layers": 8,
          "cosine": 0.998279333114624,
          "top1_match": 1.0,
          "top5_overlap": 1.0,
          "nll_delta": -0.05015449523925852,
          "kl": 4.1184503061231226e-06,
          "status": "pass"
        }
      ]
    }
  ]
}
