{
  "release": "main25",
  "model": "Qwen/Qwen2.5-0.5B-Instruct",
  "contexts": [
    {
      "tokens": 512,
      "configs": [
        {
          "name": "baseline_fp16",
          "k_bits": 16,
          "v_bits": 16,
          "group_size": 64,
          "logit_cosine_mean": 1.0,
          "logit_cosine_min": 1.0,
          "logit_max_abs_diff": 0.0,
          "top1_match_rate": 1.0,
          "top5_overlap_mean": 1.0,
          "avg_nll_delta": 0.0,
          "token_positions_evaluated": 5,
          "kl_divergence_mean": 0.0,
          "latency_ms": 192.9044170101406,
          "route_used": "baseline_fp16",
          "status": "reference",
          "oom": false
        },
        {
          "name": "k8_v3_gs64",
          "k_bits": 8,
          "v_bits": 3,
          "group_size": 64,
          "logit_cosine_mean": 0.9983291625976562,
          "logit_cosine_min": 0.9983291625976562,
          "logit_max_abs_diff": 1.2995924949645996,
          "top1_match_rate": 1.0,
          "top5_overlap_mean": 1.0,
          "avg_nll_delta": 0.01904945373534872,
          "token_positions_evaluated": 5,
          "kl_divergence_mean": 3.6157025533611886e-06,
          "latency_ms": 136.48233300773427,
          "route_used": "retrieve",
          "status": "pass",
          "oom": false
        },
        {
          "name": "k8_v4_gs64",
          "k_bits": 8,
          "v_bits": 4,
          "group_size": 64,
          "logit_cosine_mean": 0.9996777176856995,
          "logit_cosine_min": 0.9996777176856995,
          "logit_max_abs_diff": 0.5186127424240112,
          "top1_match_rate": 1.0,
          "top5_overlap_mean": 1.0,
          "avg_nll_delta": 0.050524520874020595,
          "token_positions_evaluated": 5,
          "kl_divergence_mean": 2.7743053578888066e-06,
          "latency_ms": 202.79966700763907,
          "route_used": "retrieve",
          "status": "pass",
          "oom": false
        },
        {
          "name": "k8_v5_gs64",
          "k_bits": 8,
          "v_bits": 5,
          "group_size": 64,
          "logit_cosine_mean": 0.9999288320541382,
          "logit_cosine_min": 0.9999288320541382,
          "logit_max_abs_diff": 0.24022436141967773,
          "top1_match_rate": 1.0,
          "top5_overlap_mean": 1.0,
          "avg_nll_delta": 0.0036304473876924703,
          "token_positions_evaluated": 5,
          "kl_divergence_mean": 3.5817015486827586e-07,
          "latency_ms": 205.3422919998411,
          "route_used": "retrieve",
          "status": "pass",
          "oom": false
        },
        {
          "name": "k6_v6_gs64",
          "k_bits": 6,
          "v_bits": 6,
          "group_size": 64,
          "logit_cosine_mean": 0.9997765421867371,
          "logit_cosine_min": 0.9997765421867371,
          "logit_max_abs_diff": 0.46864748001098633,
          "top1_match_rate": 1.0,
          "top5_overlap_mean": 1.0,
          "avg_nll_delta": -2.1899745941162116,
          "token_positions_evaluated": 5,
          "kl_divergence_mean": 4.34178446084843e-07,
          "latency_ms": 168.59454099903814,
          "route_used": "retrieve",
          "status": "fail",
          "oom": false
        },
        {
          "name": "k8_v4_gs32",
          "k_bits": 8,
          "v_bits": 4,
          "group_size": 32,
          "logit_cosine_mean": 0.9997825622558594,
          "logit_cosine_min": 0.9997825622558594,
          "logit_max_abs_diff": 0.44264984130859375,
          "top1_match_rate": 1.0,
          "top5_overlap_mean": 1.0,
          "avg_nll_delta": 0.020426177978514204,
          "token_positions_evaluated": 5,
          "kl_divergence_mean": 5.951292223471683e-07,
          "latency_ms": 159.67087500030175,
          "route_used": "retrieve",
          "status": "pass",
          "oom": false
        },
        {
          "name": "k8_v5_gs32",
          "k_bits": 8,
          "v_bits": 5,
          "group_size": 32,
          "logit_cosine_mean": 0.9999585151672363,
          "logit_cosine_min": 0.9999585151672363,
          "logit_max_abs_diff": 0.2118234634399414,
          "top1_match_rate": 1.0,
          "top5_overlap_mean": 1.0,
          "avg_nll_delta": 0.06473617553710653,
          "token_positions_evaluated": 5,
          "kl_divergence_mean": 4.9388518164050765e-08,
          "latency_ms": 131.563458009623,
          "route_used": "retrieve",
          "status": "pass",
          "oom": false
        },
        {
          "name": "k4_v4_gs64",
          "k_bits": 4,
          "v_bits": 4,
          "group_size": 64,
          "logit_cosine_mean": 0.9647583365440369,
          "logit_cosine_min": 0.9647583365440369,
          "logit_max_abs_diff": 5.129510879516602,
          "top1_match_rate": 1.0,
          "top5_overlap_mean": 0.8,
          "avg_nll_delta": -4.493655014038087,
          "token_positions_evaluated": 5,
          "kl_divergence_mean": 0.00019153949688188732,
          "latency_ms": 136.3492920063436,
          "route_used": "retrieve",
          "status": "fail",
          "oom": false
        }
      ]
    },
    {
      "tokens": 1024,
      "configs": [
        {
          "name": "baseline_fp16",
          "k_bits": 16,
          "v_bits": 16,
          "group_size": 64,
          "logit_cosine_mean": 0.9999998807907104,
          "logit_cosine_min": 0.9999998807907104,
          "logit_max_abs_diff": 0.0,
          "top1_match_rate": 1.0,
          "top5_overlap_mean": 1.0,
          "avg_nll_delta": 0.0,
          "token_positions_evaluated": 5,
          "kl_divergence_mean": 0.0,
          "latency_ms": 194.33862500591204,
          "route_used": "baseline_fp16",
          "status": "reference",
          "oom": false
        },
        {
          "name": "k8_v3_gs64",
          "k_bits": 8,
          "v_bits": 3,
          "group_size": 64,
          "logit_cosine_mean": 0.9949390292167664,
          "logit_cosine_min": 0.9949390292167664,
          "logit_max_abs_diff": 1.5874972343444824,
          "top1_match_rate": 1.0,
          "top5_overlap_mean": 1.0,
          "avg_nll_delta": 0.36642341613769247,
          "token_positions_evaluated": 5,
          "kl_divergence_mean": 3.4163509553764015e-05,
          "latency_ms": 157.95687500212807,
          "route_used": "retrieve",
          "status": "fail",
          "oom": false
        },
        {
          "name": "k8_v4_gs64",
          "k_bits": 8,
          "v_bits": 4,
          "group_size": 64,
          "logit_cosine_mean": 0.9985358119010925,
          "logit_cosine_min": 0.9985358119010925,
          "logit_max_abs_diff": 0.5641674995422363,
          "top1_match_rate": 1.0,
          "top5_overlap_mean": 1.0,
          "avg_nll_delta": -0.019320297241211648,
          "token_positions_evaluated": 5,
          "kl_divergence_mean": 1.0741729056462646e-05,
          "latency_ms": 209.14066600380465,
          "route_used": "retrieve",
          "status": "pass",
          "oom": false
        },
        {
          "name": "k8_v5_gs64",
          "k_bits": 8,
          "v_bits": 5,
          "group_size": 64,
          "logit_cosine_mean": 0.9996407628059387,
          "logit_cosine_min": 0.9996407628059387,
          "logit_max_abs_diff": 0.2678718566894531,
          "top1_match_rate": 1.0,
          "top5_overlap_mean": 1.0,
          "avg_nll_delta": -0.013002586364748936,
          "token_positions_evaluated": 5,
          "kl_divergence_mean": 9.075099569599843e-07,
          "latency_ms": 187.27783299982548,
          "route_used": "retrieve",
          "status": "pass",
          "oom": false
        },
        {
          "name": "k6_v6_gs64",
          "k_bits": 6,
          "v_bits": 6,
          "group_size": 64,
          "logit_cosine_mean": 0.9927463531494141,
          "logit_cosine_min": 0.9927463531494141,
          "logit_max_abs_diff": 1.3607031106948853,
          "top1_match_rate": 1.0,
          "top5_overlap_mean": 1.0,
          "avg_nll_delta": -1.584154129028322,