{
  "metadata": {
    "timestamp": "2026-06-02T08:33:39.375367+00:00",
    "platform": "macOS-26.2-arm64-arm-64bit",
    "machine": "arm64",
    "python_version": "3.12.0"
  },
  "iterations": 5,
  "runs": [
    {
      "shape": "(1, 8, 1024, 64)",
      "k_bits": 8,
      "v_bits": 3,
      "use_incoherent": true,
      "store_latency_ms": 4.24308399669826,
      "retrieve_latency_ms": 3.0035420058993623,
      "original_bytes": 4194304,
      "packed_bytes": 799540,
      "compression_ratio": 0.19062519073486328,
      "key_cosine_sim": 0.9999822974205017,
      "key_rel_mae": 0.005859941244125366,
      "key_max_abs_error": 0.032712191343307495,
      "value_cosine_sim": 0.9700643420219421,
      "value_rel_mae": 0.24806949496269226,
      "value_max_abs_error": 1.3542907238006592,
      "scenario": "shape=(1, 8, 1024, 64)|k=8|v=3|incoherent=True"
    },
    {
      "shape": "(1, 8, 1024, 64)",
      "k_bits": 8,
      "v_bits": 3,
      "use_incoherent": false,
      "store_latency_ms": 0.9017499978654087,
      "retrieve_latency_ms": 0.6779169925721362,
      "original_bytes": 4194304,
      "packed_bytes": 799540,
      "compression_ratio": 0.19062519073486328,
      "key_cosine_sim": 0.9999824166297913,
      "key_rel_mae": 0.00631355307996273,
      "key_max_abs_error": 0.019597060978412628,
      "value_cosine_sim": 0.9700178503990173,
      "value_rel_mae": 0.267108291387558,
      "value_max_abs_error": 0.7895931005477905,
      "scenario": "shape=(1, 8, 1024, 64)|k=8|v=3|incoherent=False"
    },
    {
      "shape": "(1, 8, 1024, 64)",
      "k_bits": 8,
      "v_bits": 8,
      "use_incoherent": false,
      "store_latency_ms": 0.8249999955296516,
      "retrieve_latency_ms": 0.6152919959276915,
      "original_bytes": 4194304,
      "packed_bytes": 1114112,
      "compression_ratio": 0.265625,
      "key_cosine_sim": 0.9999824166297913,
      "key_rel_mae": 0.00631355307996273,
      "key_max_abs_error": 0.019597060978412628,
      "value_cosine_sim": 0.9999824166297913,
      "value_rel_mae": 0.006300057750195265,
      "value_max_abs_error": 0.019924819469451904,
      "scenario": "shape=(1, 8, 1024, 64)|k=8|v=8|incoherent=False"
    },
    {
      "shape": "(1, 8, 2048, 64)",
      "k_bits": 8,
      "v_bits": 3,
      "use_incoherent": true,
      "store_latency_ms": 3.5686670016730204,
      "retrieve_latency_ms": 3.117999993264675,
      "original_bytes": 8388608,
      "packed_bytes": 1599080,
      "compression_ratio": 0.19062519073486328,
      "key_cosine_sim": 0.9999824166297913,
      "key_rel_mae": 0.005844393279403448,
      "key_max_abs_error": 0.03766840696334839,
      "value_cosine_sim": 0.9700079560279846,
      "value_rel_mae": 0.248267263174057,
      "value_max_abs_error": 1.540197491645813,
      "scenario": "shape=(1, 8, 2048, 64)|k=8|v=3|incoherent=True"
    },
    {
      "shape": "(1, 8, 2048, 64)",
      "k_bits": 8,
      "v_bits": 3,
      "use_incoherent": false,
      "store_latency_ms": 1.163499997346662,
      "retrieve_latency_ms": 0.759749993449077,
      "original_bytes": 8388608,
      "packed_bytes": 1599080,
      "compression_ratio": 0.19062519073486328,
      "key_cosine_sim": 0.9999822974205017,
      "key_rel_mae": 0.0063169547356665134,
      "key_max_abs_error": 0.020263373851776123,
      "value_cosine_sim": 0.9700464606285095,
      "value_rel_mae": 0.2669861912727356,
      "value_max_abs_error": 0.8000398874282837,
      "scenario": "shape=(1, 8, 2048, 64)|k=8|v=3|incoherent=False"
    },
    {
      "shape": "(1, 8, 2048, 64)",
      "k_bits": 8,
      "v_bits": 8,
      "use_incoherent": false,
      "store_latency_ms": 1.0675829980755225,
      "retrieve_latency_ms": 0.8080419938778505,
      "original_bytes": 8388608,
      "packed_bytes": 2228224,
      "compression_ratio": 0.265625,
      "key_cosine_sim": 0.9999822974205017,
      "key_rel_mae": 0.0063169547356665134,
      "key_max_abs_error": 0.020263373851776123,
      "value_cosine_sim": 0.9999824166297913,
      "value_rel_mae": 0.0062971399165689945,
      "value_max_abs_error": 0.018954992294311523,
      "scenario": "shape=(1, 8, 2048, 64)|k=8|v=8|incoherent=False"
    },
    {
      "shape": "(1, 32, 4096, 128)",
      "k_bits": 8,
      "v_bits": 3,
      "use_incoherent": true,
      "store_latency_ms": 66.57275000179652,
      "retrieve_latency_ms": 57.05920899345074,
      "original_bytes": 134217728,
      "packed_bytes": 25585256,
      "compression_ratio": 0.19062501192092896,
      "key_cosine_sim": 0.999982476234436,
      "key_rel_mae": 0.005860436242073774,
      "key_max_abs_error": 0.042821288108825684,
      "value_cosine_sim": 0.9699910283088684,
      "value_rel_mae": 0.24823878705501556,
      "value_max_abs_error": 1.919440507888794,
      "scenario": "shape=(1, 32, 4096, 128)|k=8|v=3|incoherent=True"
    },
    {
      "shape": "(1, 32, 4096, 128)",
      "k_bits": 8,
      "v_bits": 3,
      "use_incoherent": false,
      "store_latency_ms": 19.03220899112057,
      "retrieve_latency_ms": 9.231000003637746,
      "original_bytes": 134217728,
      "packed_bytes": 25585256,
      "compression_ratio": 0.19062501192092896,
      "key_cosine_sim": 0.999982476234436,
      "key_rel_mae": 0.006306956522166729,
      "key_max_abs_error": 0.02072286605834961,
      "value_cosine_sim": 0.9700300097465515,
      "value_rel_mae": 0.26702815294265747,
      "value_max_abs_error": 0.8980423212051392,
      "scenario": "shape=(1, 32, 4096, 128)|k=8|v=3|incoherent=False"
    },
    {
      "shape": "(1, 32, 4096, 128)",
      "k_bits": 8,
      "v_bits": 8,
      "use_incoherent": false,
      "store_latency_ms": 18.264250000356697,
      "retrieve_latency_ms": 9.319958000560291,
      "original_bytes": 134217728,
      "packed_bytes": 35651584,
      "compression_ratio": 0.265625,
      "key_cosine_sim": 0.999982476234436,
      "key_rel_mae": 0.006306956522166729,
      "key_max_abs_error": 0.02072286605834961,
      "value_cosine_sim": 0.9999823570251465,
      "value_rel_mae": 0.006302158813923597,
      "value_max_abs_error": 0.021274298429489136,
      "scenario": "shape=(1, 32, 4096, 128)|k=8|v=8|incoherent=False"
    }
  ]
}
