{
  "release": "main26",
  "analysis": "generation_throughput",
  "model": "Qwen/Qwen2.5-0.5B-Instruct",
  "hardware": {
    "platform": "macOS-26.2-arm64-arm-64bit",
    "python": "3.12.0",
    "torch": "2.10.0",
    "device": "mps",
    "memory_bytes": 17179869184
  },
  "context_tokens": 512,
  "decode_steps": 64,
  "warmup_repeats": 2,
  "timed_repeats": 5,
  "configs": [
    {
      "name": "baseline_fp16",
      "k_bits": 16,
      "v_bits": 16,
      "group_size": 64,
      "repeats": 5,
      "ttft_ms_mean": 17.89307480212301,
      "tokens_per_sec_mean": 50.240635441891634,
      "p50_token_ms_mean": 18.235199901391752,
      "p90_token_ms_mean": 22.473812541284136,
      "p99_token_ms_mean": 59.934342171443845,
      "peak_mem_delta_mb": 0.0
    },
    {
      "name": "k8_v4_gs64",
      "k_bits": 8,
      "v_bits": 4,
      "group_size": 64,
      "repeats": 5,
      "ttft_ms_mean": 24.148649998824112,
      "tokens_per_sec_mean": 54.90478894269692,
      "p50_token_ms_mean": 17.400741600431502,
      "p90_token_ms_mean": 23.267155660141725,
      "p99_token_ms_mean": 33.4111001761921,
      "peak_mem_delta_mb": 0.0
    },
    {
      "name": "k8_v5_gs64",
      "k_bits": 8,
      "v_bits": 5,
      "group_size": 64,
      "repeats": 5,
      "ttft_ms_mean": 35.01960819994565,
      "tokens_per_sec_mean": 50.00655019964579,
      "p50_token_ms_mean": 18.880362799973227,
      "p90_token_ms_mean": 28.022420002671424,
      "p99_token_ms_mean": 48.78603020973964,
      "peak_mem_delta_mb": 0.0
    },
    {
      "name": "k8_v5_gs32",
      "k_bits": 8,
      "v_bits": 5,
      "group_size": 32,
      "repeats": 5,
      "ttft_ms_mean": 24.63967480289284,
      "tokens_per_sec_mean": 58.16999952113114,
      "p50_token_ms_mean": 15.823020998504944,
      "p90_token_ms_mean": 21.113298382260837,
      "p99_token_ms_mean": 34.92171774050801,
      "peak_mem_delta_mb": 0.0
    }
  ],
  "notes": [
    "Throughput measured as decode tokens/sec (excludes TTFT).",
    "Peak memory delta estimated via RSS; MPS unified memory is shared.",
    "Not a production benchmark; indicative only."
  ]
}
