{
  "release": "main26",
  "model": "Qwen/Qwen2.5-0.5B-Instruct",
  "contexts": [
    {
      "tokens": 512,
      "configs": [
        {
          "name": "k8_v3_gs64",
          "k_bits": 8,
          "v_bits": 3,
          "group_size": 64,
          "logit_cosine_mean": 0.999151349067688,
          "logit_cosine_min": 0.999151349067688,
          "logit_max_abs_diff": 0.9360013008117676,
          "top1_match_rate": 1.0,
          "top5_overlap_mean": 1.0,
          "avg_nll_delta": -6.449939348840417e-05,
          "token_positions_evaluated": 64,
          "kl_divergence_mean": 8.556149623473175e-06,
          "latency_ms": 1905.7129170105327,
          "route_used": "retrieve",
          "status": "pass",
          "oom": false
        },
        {
          "name": "k8_v4_gs64",
          "k_bits": 8,
          "v_bits": 4,
          "group_size": 64,
          "logit_cosine_mean": 0.9997750520706177,
          "logit_cosine_min": 0.9997750520706177,
          "logit_max_abs_diff": 0.5438833236694336,
          "top1_match_rate": 1.0,
          "top5_overlap_mean": 1.0,
          "avg_nll_delta": 1.3219946481513034e-05,
          "token_positions_evaluated": 64,
          "kl_divergence_mean": 4.467479811864905e-06,
          "latency_ms": 2105.835082998965,
          "route_used": "retrieve",
          "status": "pass",
          "oom": false
        },
        {
          "name": "k8_v5_gs64",
          "k_bits": 8,
          "v_bits": 5,
          "group_size": 64,
          "logit_cosine_mean": 0.9999632835388184,
          "logit_cosine_min": 0.9999632835388184,
          "logit_max_abs_diff": 0.2116260528564453,
          "top1_match_rate": 1.0,
          "top5_overlap_mean": 1.0,
          "avg_nll_delta": 4.392276480302826e-05,
          "token_positions_evaluated": 64,
          "kl_divergence_mean": 9.360246622236446e-07,
          "latency_ms": 2538.920541002881,
          "route_used": "retrieve",
          "status": "pass",
          "oom": false
        },
        {
          "name": "k8_v4_gs32",
          "k_bits": 8,
          "v_bits": 4,
          "group_size": 32,
          "logit_cosine_mean": 0.9997959136962891,
          "logit_cosine_min": 0.9997959136962891,
          "logit_max_abs_diff": 0.5051116943359375,
          "top1_match_rate": 1.0,
          "top5_overlap_mean": 1.0,
          "avg_nll_delta": 7.32474319420362e-05,
          "token_positions_evaluated": 64,
          "kl_divergence_mean": 4.94000778417103e-06,
          "latency_ms": 1843.2125420076773,
          "route_used": "retrieve",
          "status": "pass",
          "oom": false
        },
        {
          "name": "k8_v5_gs32",
          "k_bits": 8,
          "v_bits": 5,
          "group_size": 32,
          "logit_cosine_mean": 0.9999573230743408,
          "logit_cosine_min": 0.9999573230743408,
          "logit_max_abs_diff": 0.22241592407226562,
          "top1_match_rate": 1.0,
          "top5_overlap_mean": 1.0,
          "avg_nll_delta": -1.685812128471298e-05,
          "token_positions_evaluated": 64,
          "kl_divergence_mean": 7.478279258066323e-07,
          "latency_ms": 1754.6292089973576,
          "route_used": "retrieve",
          "status": "pass",
          "oom": false
        },
        {
          "name": "k6_v6_gs64",
          "k_bits": 6,
          "v_bits": 6,
          "group_size": 64,
          "logit_cosine_mean": 0.7768666744232178,
          "logit_cosine_min": 0.7768666744232178,
          "logit_max_abs_diff": 14.51516342163086,
          "top1_match_rate": 1.0,
          "top5_overlap_mean": 0.8,
          "avg_nll_delta": 0.04608891182942898,
          "token_positions_evaluated": 64,
          "kl_divergence_mean": 0.01530646625906229,
          "latency_ms": 1699.343416999909,
          "route_used": "retrieve",
          "status": "fail",
          "oom": false
        },
        {
          "name": "k4_v4_gs64",
          "k_bits": 4,
          "v_bits": 4,
          "group_size": 64,
          "logit_cosine_mean": 0.5763972997665405,
          "logit_cosine_min": 0.5763972997665405,
          "logit_max_abs_diff": 22.174421310424805,
          "top1_match_rate": 0.0,
          "top5_overlap_mean": 0.0,
          "avg_nll_delta": 2.386156141918036,
          "token_positions_evaluated": 64,
          "kl_divergence_mean": 8.035765647888184,
          "latency_ms": 1773.478499992052,
          "route_used": "retrieve",
          "status": "fail",
          "oom": false
        }
      ]
    },
    {
      "tokens": 1024,
      "configs": [
        {
          "name": "k8_v3_gs64",
          "k_bits": 8,
          "v_bits": 3,
          "group_size": 64,
          "logit_cosine_mean": 0.9658297896385193,
          "logit_cosine_min": 0.9658297896385193,
          "logit_max_abs_diff": 4.5570268630981445,
          "top1_match_rate": 1.0,
          "top5_overlap_mean": 0.6,
          "avg_nll_delta": 0.0003426394941925537,
          "token_positions_evaluated": 64,
          "kl_divergence_mean": 0.007454446982592344,
          "latency_ms": 2481.905291992007,
          "route_used": "retrieve",
          "status": "fail",
          "oom": false
        },
        {
          "name": "k8_v4_gs64",
          "k_bits": 8,
          "v_bits": 4,
          "group_size": 64,
          "logit_cosine_mean": 0.9995131492614746,
          "logit_cosine_min": 0.9995131492614746,
          "logit_max_abs_diff": 0.5813570022583008,
          "top1_match_rate": 1.0,
          "top5_overlap_mean": 1.0,
          "avg_nll_delta": 2.55045300718848e-05,
          "token_positions_evaluated": 64,
          "kl_divergence_mean": 2.9904131224611774e-06,
          "latency_ms": 4257.8712919930695,
          "route_used": "retrieve",
          "status": "pass",
          "oom": false
        },
        {
          "name": "k8_v5_gs64",
          "k_bits": 8,
          "v_bits": 5,
          "group_size": 64,
          "logit_cosine_mean": 0.9998084902763367,
          "logit_cosine_min": 0.9998084902763367,
          "logit_max_abs_diff": 0.3692512512207031,
          "top1_match_rate": 1.0,
          "top5_overlap_mean": 1.0,
          "avg_nll_delta": 7.784257149978657e-06,
          "token_positions_evaluated": 64,
          "kl_divergence_mean": 5.190691808820702e-06,
          "latency_ms": 2292.0414580003126,
          "route_used": "retrieve",
          "status": "pass",
          "oom": false
        },
        {
          "name": "k8_v4_gs32",
          "k_bits": 8,
          "v_bits": 4,
          "group_size": 32,
          "logit_cosine_mean": 0.999720573425293,
          "logit_cosine_min": 0.999720573425293,
          "logit_max_abs_diff": 0.4155149459838867,
          "top1_match_rate": 1.0,
          "top5_overlap_mean": 1.0,
          "avg_nll_delta": 3.072251377034263e-05,
          "token_positions_evaluated": 64,
          "kl_divergence_mean": 2.2803906176704913e-06,
          "latency_ms": 1989.231290994212,
          "route_used": "retrieve",
          "status": "pass",
          "oom": false
        },
        {
          "name": "k8_v5_gs32",
          "k_bits": 8,
          "v_bits": 5,
          "group_size": 32,
          "logit_cosine_mean": 0.9999290108680725,
          "logit_cosine_min": 0.9999290108680725,
          "logit_max_abs_diff": 0.19318723678588867,
          "top1_match_rate": 1.0,
          "top5_overlap_mean": 1.0,
          "avg_nll_delta": 3.984986847171967e-06,
          "token_positions_evaluated": 64,
          "kl_divergence_mean": 6.884218919367413e-07,
          "latency_ms": 2502.692541005672,
          "route_used": "retrieve",
          "status": "pass",
          "oom": false
        },
        {
          "name": "k6_v6_gs64",
          "k_bits": 6,
          "v_bits": 6,
          "group_size": 64,
          "logit_cosine_mean": 0.8994286060333252,
          "logit_cosine_min": 0.8994286060333252,
          "logit_max_abs_diff": 8.050483703613281,