{
  "release": "main26",
  "validation_class": "real_non_random_model_validation",
  "model": "Qwen/Qwen2.5-0.5B-Instruct",
  "hardware": {
    "chip": "Apple M2 Pro",
    "ram_gb": 16,
    "os": "Darwin",
    "mlx_version": "0.31.2"
  },
  "tokens_tested": 512,
  "prompts_count": 3,
  "configs": [
    {
      "name": "k8_v3_gs64",
      "k_bits": 8,
      "v_bits": 3,
      "group_size": 64,
      "logit_cosine_mean": 0.9936984777450562,
      "logit_cosine_min": 0.9869266152381897,
      "logit_max_abs_diff": 1.6388346354166667,
      "top1_match_rate": 1.0,
      "top5_overlap_mean": 0.9333333333333332,
      "avg_nll_delta": -0.00032904563095215167,
      "kl_divergence_mean": 0.0002246215517516248,
      "token_positions_evaluated": 64,
      "latency_ms": 1209.7377500031143,
      "route_used": "retrieve",
      "per_prompt": [
        {
          "name": "k8_v3_gs64",
          "k_bits": 8,
          "v_bits": 3,
          "group_size": 64,
          "logit_cosine_mean": 0.9991791844367981,
          "logit_cosine_min": 0.9991791844367981,
          "logit_max_abs_diff": 0.92578125,
          "top1_match_rate": 1.0,
          "top5_overlap_mean": 1.0,
          "avg_nll_delta": -0.00011010419075319078,
          "token_positions_evaluated": 64,
          "kl_divergence_mean": 7.626827937201597e-06,
          "latency_ms": 1233.7618750025285,
          "route_used": "retrieve",
          "prompt_idx": 0
        },
        {
          "name": "k8_v3_gs64",
          "k_bits": 8,
          "v_bits": 3,
          "group_size": 64,
          "logit_cosine_mean": 0.9869266152381897,
          "logit_cosine_min": 0.9869266152381897,
          "logit_max_abs_diff": 1.873046875,
          "top1_match_rate": 1.0,
          "top5_overlap_mean": 0.8,
          "avg_nll_delta": -0.00019673804350972546,
          "token_positions_evaluated": 64,
          "kl_divergence_mean": 0.0006578299799002707,
          "latency_ms": 1208.0376670055557,
          "route_used": "retrieve",
          "prompt_idx": 1
        },
        {
          "name": "k8_v3_gs64",
          "k_bits": 8,
          "v_bits": 3,
          "group_size": 64,
          "logit_cosine_mean": 0.9949896335601807,
          "logit_cosine_min": 0.9949896335601807,
          "logit_max_abs_diff": 2.11767578125,
          "top1_match_rate": 1.0,
          "top5_overlap_mean": 1.0,
          "avg_nll_delta": -0.0006802946585935388,
          "token_positions_evaluated": 64,
          "kl_divergence_mean": 8.407847417402081e-06,
          "latency_ms": 1187.4137080012588,
          "route_used": "retrieve",
          "prompt_idx": 2
        }
      ],
      "prompts_evaluated": 3,
      "status": "fail"
    },
    {
      "name": "k8_v4_gs64",
      "k_bits": 8,
      "v_bits": 4,
      "group_size": 64,
      "logit_cosine_mean": 0.9992852807044983,
      "logit_cosine_min": 0.9987573027610779,
      "logit_max_abs_diff": 0.5865885416666666,
      "top1_match_rate": 1.0,
      "top5_overlap_mean": 0.9333333333333332,
      "avg_nll_delta": 0.00047728381293528815,
      "kl_divergence_mean": 6.709746351892439e-05,
      "token_positions_evaluated": 64,
      "latency_ms": 1396.7516803386388,
      "route_used": "retrieve",
      "per_prompt": [
        {
          "name": "k8_v4_gs64",
          "k_bits": 8,
          "v_bits": 4,
          "group_size": 64,
          "logit_cosine_mean": 0.999725341796875,
          "logit_cosine_min": 0.999725341796875,
          "logit_max_abs_diff": 0.53125,
          "top1_match_rate": 1.0,
          "top5_overlap_mean": 1.0,
          "avg_nll_delta": 0.00010304628210633382,
          "token_positions_evaluated": 64,
          "kl_divergence_mean": 4.348850779933855e-06,
          "latency_ms": 1550.7357500027865,
          "route_used": "retrieve",
          "prompt_idx": 0
        },
        {
          "name": "k8_v4_gs64",
          "k_bits": 8,
          "v_bits": 4,
          "group_size": 64,
          "logit_cosine_mean": 0.9987573027610779,
          "logit_cosine_min": 0.9987573027610779,
          "logit_max_abs_diff": 0.50390625,
          "top1_match_rate": 1.0,
          "top5_overlap_mean": 0.8,
          "avg_nll_delta": 0.0003777263894981786,
          "token_positions_evaluated": 64,
          "kl_divergence_mean": 0.0001958003849722445,
          "latency_ms": 1481.1747080093483,
          "route_used": "retrieve",
          "prompt_idx": 1
        },
        {
          "name": "k8_v4_gs64",
          "k_bits": 8,
          "v_bits": 4,
          "group_size": 64,
          "logit_cosine_mean": 0.999373197555542,
          "logit_cosine_min": 0.999373197555542,
          "logit_max_abs_diff": 0.724609375,
          "top1_match_rate": 1.0,
          "top5_overlap_mean": 1.0,
          "avg_nll_delta": 0.0009510787672013521,
          "token_positions_evaluated": 64,
          "kl_divergence_mean": 1.1431548045948148e-06,
          "latency_ms": 1158.3445830037817,
          "route_used": "retrieve",
          "prompt_idx": 2
        }
      ],
      "prompts_evaluated": 3,
      "status": "fail"
    },
    {
      "name": "k8_v5_gs64",
      "k_bits": 8,
      "v_bits": 5,
      "group_size": 64,
      "logit_cosine_mean": 0.9997542301813761,
      "logit_cosine_min": 0.9994932413101196,
      "logit_max_abs_diff": 0.3248697916666667,
      "top1_match_rate": 1.0,
      "top5_overlap_mean": 1.0,
      "avg_nll_delta": -2.4169610412627662e-05,
      "kl_divergence_mean": 7.133370672818273e-06,
      "token_positions_evaluated": 64,
      "latency_ms": 1178.510805669551,
      "route_used": "retrieve",
      "per_prompt": [
        {
          "name": "k8_v5_gs64",
          "k_bits": 8,
          "v_bits": 5,
          "group_size": 64,
          "logit_cosine_mean": 0.9999487400054932,
          "logit_cosine_min": 0.9999487400054932,
          "logit_max_abs_diff": 0.234375,
          "top1_match_rate": 1.0,
          "top5_overlap_mean": 1.0,
          "avg_nll_delta": 7.830863182789471e-06,
          "token_positions_evaluated": 64,
          "kl_divergence_mean": 7.608305168105289e-07,
          "latency_ms": 1219.1223340050783,
          "route_used": "retrieve",
          "prompt_idx": 0
        },
        {
          "name": "k8_v5_gs64",
          "k_bits": 8,
          "v_bits": 5,
          "group_size": 64,
          "logit_cosine_mean": 0.9994932413101196,
          "logit_cosine_min": 0.9994932413101196,
          "logit_max_abs_diff": 0.326171875,
          "top1_match_rate": 1.0,
          "top5_overlap_mean": 1.0,
          "avg_nll_delta": 7.227306545587453e-05,
          "token_positions_evaluated": 64,
          "kl_divergence_mean": 2.0462743123061955e-05,
          "latency_ms": 1180.63308300043,
          "route_used": "retrieve",
          "prompt_idx": 1
        },
        {
          "name": "k8_v5_gs64",
          "k_bits": 8,
          "v_bits": 5,
          "group_size": 64,
          "logit_cosine_mean": 0.9998207092285156,
          "logit_cosine_min": 0.9998207092285156,
          "logit_max_abs_diff": 0.4140625,
          "top1_match_rate": 1.0,
          "top5_overlap_mean": 1.0,
          "avg_nll_delta": -0.000152612759876547,
          "token_positions_evaluated": 64,
          "kl_divergence_mean": 1.76538378582336e-07,
          "latency_ms": 1135.777000003145,
          "route_used": "retrieve",
          "prompt_idx": 2
        }
      ],
      "prompts_evaluated": 3,
      "status": "pass"
    },
    {
      "name": "k8_v4_gs32",
      "k_bits": 8,
      "v_bits": 4,
      "group_size": 32,
      "logit_cosine_mean": 0.9993342359860738,
      "logit_cosine_min": 0.9987275004386902,
      "logit_max_abs_diff": 0.6149088541666666,
      "top1_match_rate": 1.0,
      "top5_overlap_mean": 0.9333333333333332,
      "avg_nll_delta": 0.00028683189562883626,
      "kl_divergence_mean": 3.1862315912197424e-05,
      "token_positions_evaluated": 64,
      "latency_ms": 1278.9874723287842,