{
  "release": "main24",
  "analysis": "early_layer_protection",
  "model": "Qwen/Qwen2.5-0.5B-Instruct",
  "tokens_tested": 512,
  "configs": [
    {
      "config_name": "k8_v3_gs64",
      "num_layers": 24,
      "scenarios": [
        {
          "protected_layers": 2,
          "cosine": 0.9990357756614685,
          "top1_match": 1.0,
          "top5_overlap": 1.0,
          "nll_delta": -0.132781982421875,
          "kl": 1.539636286906898e-06,
          "status": "pass"
        },
        {
          "protected_layers": 4,
          "cosine": 0.9990086555480957,
          "top1_match": 1.0,
          "top5_overlap": 1.0,
          "nll_delta": -0.15620040893554688,
          "kl": 3.1645067792851478e-06,
          "status": "pass"
        },
        {
          "protected_layers": 6,
          "cosine": 0.998996376991272,
          "top1_match": 1.0,
          "top5_overlap": 1.0,
          "nll_delta": -0.15620803833007812,
          "kl": 2.5906701921485364e-06,
          "status": "pass"
        },
        {
          "protected_layers": 8,
          "cosine": 0.9989868998527527,
          "top1_match": 1.0,
          "top5_overlap": 1.0,
          "nll_delta": -0.24213695526123047,
          "kl": 3.4763070289045572e-06,
          "status": "pass"
        }
      ]
    }
  ]
}
