{
  "release": "main24",
  "model": "Qwen/Qwen2.5-0.5B-Instruct",
  "contexts": [
    {
      "tokens": 512,
      "configs": [
        {
          "name": "baseline_fp16",
          "k_bits": 16,
          "v_bits": 16,
          "group_size": 64,
          "logit_cosine_mean": 1.0000001192092896,
          "logit_cosine_min": 1.0000001192092896,
          "logit_max_abs_diff": 0.0,
          "top1_match_rate": 1.0,
          "top5_overlap_mean": 1.0,
          "avg_nll_delta": 0.0,
          "token_positions_evaluated": 1,
          "kl_divergence_mean": 0.0,
          "latency_ms": 26.666666999517474,
          "route_used": "baseline_fp16",
          "status": "reference",
          "oom": false
        },
        {
          "name": "k8_v3_gs64",
          "k_bits": 8,
          "v_bits": 3,
          "group_size": 64,
          "logit_cosine_mean": 0.9987845420837402,
          "logit_cosine_min": 0.9987845420837402,
          "logit_max_abs_diff": 1.11328125,
          "top1_match_rate": 1.0,
          "top5_overlap_mean": 1.0,
          "avg_nll_delta": -0.13276290893554688,
          "token_positions_evaluated": 1,
          "kl_divergence_mean": 4.327463102526963e-06,
          "latency_ms": 17.314332999376347,
          "route_used": "retrieve",
          "status": "pass",
          "oom": false
        },
        {
          "name": "k8_v4_gs64",
          "k_bits": 8,
          "v_bits": 4,
          "group_size": 64,
          "logit_cosine_mean": 0.9997860193252563,
          "logit_cosine_min": 0.9997860193252563,
          "logit_max_abs_diff": 0.52197265625,
          "top1_match_rate": 1.0,
          "top5_overlap_mean": 1.0,
          "avg_nll_delta": 0.33591556549072266,
          "token_positions_evaluated": 1,
          "kl_divergence_mean": 9.542036423226818e-07,
          "latency_ms": 21.559875000093598,
          "route_used": "retrieve",
          "status": "pass",
          "oom": false
        },
        {
          "name": "k8_v5_gs64",
          "k_bits": 8,
          "v_bits": 5,
          "group_size": 64,
          "logit_cosine_mean": 0.9999479055404663,
          "logit_cosine_min": 0.9999479055404663,
          "logit_max_abs_diff": 0.2734375,
          "top1_match_rate": 1.0,
          "top5_overlap_mean": 1.0,
          "avg_nll_delta": -0.07810020446777344,
          "token_positions_evaluated": 1,
          "kl_divergence_mean": 8.529968908987939e-07,
          "latency_ms": 25.22800000224379,
          "route_used": "retrieve",
          "status": "pass",
          "oom": false
        },
        {
          "name": "k6_v6_gs64",
          "k_bits": 6,
          "v_bits": 6,
          "group_size": 64,
          "logit_cosine_mean": 0.9568617343902588,
          "logit_cosine_min": 0.9568617343902588,
          "logit_max_abs_diff": 6.6328125,
          "top1_match_rate": 1.0,
          "top5_overlap_mean": 0.6,
          "avg_nll_delta": -3.4141368865966797,
          "token_positions_evaluated": 1,
          "kl_divergence_mean": 0.0002325843379367143,
          "latency_ms": 23.087249999662163,
          "route_used": "retrieve",
          "status": "fail",
          "oom": false
        },
        {
          "name": "k8_v4_gs32",
          "k_bits": 8,
          "v_bits": 4,
          "group_size": 32,
          "logit_cosine_mean": 0.9997950792312622,
          "logit_cosine_min": 0.9997950792312622,
          "logit_max_abs_diff": 0.5234375,
          "top1_match_rate": 1.0,
          "top5_overlap_mean": 1.0,
          "avg_nll_delta": 0.2890453338623047,
          "token_positions_evaluated": 1,
          "kl_divergence_mean": 6.775771907996386e-07,
          "latency_ms": 23.152750000008382,
          "route_used": "retrieve",
          "status": "pass",
          "oom": false
        },
        {
          "name": "k8_v5_gs32",
          "k_bits": 8,
          "v_bits": 5,
          "group_size": 32,
          "logit_cosine_mean": 0.9999474883079529,
          "logit_cosine_min": 0.9999474883079529,
          "logit_max_abs_diff": 0.2578125,
          "top1_match_rate": 1.0,
          "top5_overlap_mean": 1.0,
          "avg_nll_delta": -0.06247711181640625,
          "token_positions_evaluated": 1,
          "kl_divergence_mean": 9.076557034859434e-07,
          "latency_ms": 24.502500000380678,
          "route_used": "retrieve",
          "status": "pass",
          "oom": false
        },
        {
          "name": "k4_v4_gs64",
          "k_bits": 4,
          "v_bits": 4,
          "group_size": 64,
          "logit_cosine_mean": 0.8202652335166931,
          "logit_cosine_min": 0.8202652335166931,
          "logit_max_abs_diff": 10.125,
          "top1_match_rate": 1.0,
          "top5_overlap_mean": 0.6,
          "avg_nll_delta": -5.910889625549316,
          "token_positions_evaluated": 1,
          "kl_divergence_mean": 0.002603089902549982,
          "latency_ms": 23.435874998540385,
          "route_used": "retrieve",
          "status": "fail",
          "oom": false
        }
      ]
    },
    {
      "tokens": 1024,
      "configs": [
        {
          "name": "baseline_fp16",
          "k_bits": 16,
          "v_bits": 16,
          "group_size": 64,
          "logit_cosine_mean": NaN,
          "logit_cosine_min": NaN,
          "logit_max_abs_diff": NaN,
          "top1_match_rate": 1.0,
          "top5_overlap_mean": 1.0,
          "avg_nll_delta": NaN,
          "token_positions_evaluated": 1,
          "kl_divergence_mean": NaN,
          "latency_ms": 21.430333999887807,
          "route_used": "baseline_fp16",
          "status": "reference",
          "oom": false
        },
        {
          "name": "k8_v3_gs64",
          "k_bits": 8,
          "v_bits": 3,
          "group_size": 64,
          "logit_cosine_mean": NaN,
          "logit_cosine_min": NaN,
          "logit_max_abs_diff": NaN,
          "top1_match_rate": 1.0,
          "top5_overlap_mean": 1.0,
          "avg_nll_delta": NaN,
          "token_positions_evaluated": 1,
          "kl_divergence_mean": NaN,
          "latency_ms": 25.26716699867393,
          "route_used": "retrieve",
          "status": "pass",
          "oom": false
        },
        {
          "name": "k8_v4_gs64",
          "k_bits": 8,
          "v_bits": 4,
          "group_size": 64,
          "logit_cosine_mean": NaN,
          "logit_cosine_min": NaN,
          "logit_max_abs_diff": NaN,
          "top1_match_rate": 1.0,
          "top5_overlap_mean": 1.0,
          "avg_nll_delta": NaN,
          "token_positions_evaluated": 1,
          "kl_divergence_mean": NaN,
          "latency_ms": 27.659124996716855,
          "route_used": "retrieve",
          "status": "pass",
          "oom": false
        },
        {
          "name": "k8_v5_gs64",
          "k_bits": 8,
          "v_bits": 5,
          "group_size": 64,
          "logit_cosine_mean": NaN,
          "logit_cosine_min": NaN,
          "logit_max_abs_diff": NaN,
          "top1_match_rate": 1.0,
          "top5_overlap_mean": 1.0,
          "avg_nll_delta": NaN,
          "token_positions_evaluated": 1,
          "kl_divergence_mean": NaN,
          "latency_ms": 28.57574999870849,
          "route_used": "retrieve",
          "status": "pass",
          "oom": false
        },
        {
          "name": "k6_v6_gs64",
          "k_bits": 6,
          "v_bits": 6,
          "group_size": 64,
          "logit_cosine_mean": NaN,
          "logit_cosine_min": NaN,
          "logit_max_abs_diff": NaN,
          "top1_match_rate": 1.0,
          "top5_overlap_mean": 1.0,
          "avg_nll_delta": NaN,
          "token_positions_evaluated": 1,
          "kl_divergence_mean": NaN,
          "latency_ms": 29.70037500199396,
          "route_used": "retrieve",
          "status": "pass",
          "oom": false
        },
        {
          "name": "k8_v4_gs32",
          "k_bits": 8,
          "v_bits": 4,
          "group_size": 32,
          "logit_cosine_mean": NaN,